"metric","d_z_prim","p_prim","d_z_gsr","p_gsr","sign_match"
"POS",-0.374198732937911,0.169292321985628,-0.818052486632251,0.00683823636962444,TRUE
"NEG",0.58836529964442,0.038885680135466,0.553593062319236,0.050067978040464,TRUE
"RATIO",0.310589911190315,0.248960348916941,NA,NA,FALSE
