"metric","d_z_prim","p_prim","d_z_gsr","p_gsr","sign_match"
"POS",0.915316082261771,0.0750206941061091,-0.574793485750932,0.218176622689757,FALSE
"NEG",0.29134778020626,0.507359272296929,0.522007433666304,0.257151679929899,TRUE
"RATIO",0.668173059999121,0.162623432598235,NA,NA,FALSE
