"n_pos","n_neg","n_total","binomial_p","wilcox_p","mean_delta","median_delta"
28,0,28,7.45058059692383e-09,4.0032562049053e-06,0.184676012530901,0.182263984590569
