"n_pos","n_neg","n_total","binomial_p","wilcox_p","mean_delta","median_delta"
18,10,28,0.184933342039585,0.0415456933292035,0.0118292751229963,0.00746081999338543
